,LIMIT_BAL,SEX,EDUCATION,MARRIAGE,AGE,PAY_0
0,361479.88,1.9965937,2.005519,1.6281695,61.592594,-0.81370467
1,477143.22,1.9978738,1.8270317,2.148033,62.39831,-1.0459654
2,347158.97,1.9904451,1.7335353,1.6891011,55.8956,-0.6447662
3,319088.2,1.9891472,1.3795636,1.778379,55.772293,-0.098196834
4,441162.8,1.9957623,2.1599636,2.0060072,58.514072,-0.6219151
5,362963.97,1.9945343,1.6296151,1.6743203,55.453514,-0.3600092
6,457707.88,1.9877074,1.3031232,1.7382154,57.41586,-1.1978891
7,333068.7,1.9954429,1.759547,1.9843136,59.84197,-0.59525156
8,513919.75,1.9993474,2.2401257,2.2487352,67.329185,0.37688512
9,477577.0,1.9977472,2.0541284,2.0057971,61.95172,-0.5387987
10,416570.06,1.9879161,1.8707567,1.6241666,55.974,-1.279627
11,468596.94,1.9961348,1.7660353,1.9976728,61.062084,0.12122738
12,399969.4,1.997879,2.212606,2.1218467,65.13977,-0.246741
13,503884.4,1.9971948,1.5629237,2.208119,61.19425,-1.2444378
14,343316.7,1.9962714,1.6474168,1.6386039,60.244846,-0.32234293
15,338988.34,1.9955654,2.3358288,1.9428506,62.863876,-1.2467467
16,335636.28,1.9900204,1.6934259,1.8090674,60.662647,-0.3545141
17,410310.38,1.9904387,1.410056,1.8667178,56.93893,-1.1913235
18,393491.12,1.9895868,1.2664902,1.8502376,53.266685,-0.2001847
19,456741.53,1.9978669,1.7389011,2.1451087,62.678963,-1.0939901
20,454035.3,1.9966437,1.6051766,2.1159053,63.560593,-2.0213013
21,486988.84,1.9973664,1.3558607,2.1059408,64.06275,0.31079355
22,405749.3,1.9950547,1.8648344,2.0602603,60.53962,-0.8525766
23,462296.44,1.9981759,2.2257252,2.125692,61.94294,-0.16491231
24,460059.94,1.9974458,0.9196398,2.2419808,63.765804,-1.3793658
25,466708.75,1.9986048,2.6122031,2.0016098,67.45005,0.49915168
26,458299.38,1.9974563,1.0939574,2.2209878,60.37771,-0.09293404
27,450776.75,1.9979483,2.1405807,2.0235035,65.42641,-0.2760571
28,361280.12,1.9975791,2.0754678,2.31002,60.664303,-2.9985023
29,439438.12,1.9985914,1.4248917,2.188353,62.16363,-1.4124367
30,505599.72,1.9986744,2.4122434,2.3018994,65.16363,0.03359589
31,406533.84,1.9971659,1.5364573,2.0888352,65.13747,-0.9820691
32,462261.6,1.9977007,2.2635975,2.2302594,62.09334,-0.5931472
33,366963.2,1.9969751,1.8924916,1.9939349,55.856365,-0.2104288
34,479419.62,1.9980648,2.3810692,2.0995452,65.33824,-0.4682484
35,439677.66,1.9937186,1.8011866,1.7093141,54.165535,-0.94821465
36,461788.03,1.9978418,1.4515439,2.1093225,61.58006,-0.42537314
37,401776.62,1.9978213,1.9566944,1.9859169,58.15047,-1.1016335
38,462639.28,1.9991987,1.8098633,2.2524457,64.135254,-1.0006742
39,479570.0,1.998417,2.0464785,2.1536198,66.82493,-0.5016635
40,425183.9,1.9995182,2.3104167,2.4826298,71.12283,-0.035298586
41,360553.0,1.9927527,1.7368491,1.9199505,60.819878,-0.18623215
42,510649.25,1.9986238,1.6546998,1.945905,63.156563,-0.33318114
43,383190.5,1.9974693,1.688205,2.1186197,58.997543,-1.5347756
44,522309.88,1.9984672,1.9500892,2.1220927,64.068924,-0.036723882
45,470460.1,1.9947512,2.044861,2.0712824,59.553806,-1.0974884
46,441257.75,1.9968579,2.0697017,1.7633911,60.052208,-0.94572425
47,467676.16,1.9958653,1.5355006,2.0516703,60.38523,-1.2350115
48,500621.94,1.9975063,1.70998,2.0216336,59.032833,-1.1595658
49,406783.75,1.9976505,1.432698,2.035623,57.361336,-0.4503463
50,404023.16,1.9968301,1.9477413,2.0417233,61.18862,-0.846554
51,457045.3,1.9934003,1.2210069,1.9209597,60.44148,-0.5719368
52,457870.97,1.9975334,2.3408926,1.9227085,60.822124,-0.035878092
53,257940.27,1.9782225,1.5006716,1.7966704,51.78947,-1.7030597
54,457711.75,1.9976206,1.863989,1.8691864,60.419224,-0.20513248
55,500531.4,1.9985034,1.6270163,2.0496998,64.51373,-0.1385915
56,513389.3,1.9995465,1.9520795,2.5694008,66.795944,-1.0537764
57,554564.0,1.9995518,1.5810735,2.2886152,69.78025,0.15043679
58,484896.72,1.9974842,2.056048,1.9386224,53.933,0.4780096
59,349886.16,1.9939661,1.8104657,1.7855785,61.009026,-0.9329493
60,396519.66,1.9969813,1.3944451,2.0816464,57.960464,-0.991247
61,430093.2,1.997781,1.8709549,2.1545842,61.989685,-0.7169254
62,473611.16,1.9971001,1.639199,1.9853464,62.597973,-0.45979005
63,393775.12,1.994293,1.5760739,1.8112123,54.71812,-1.2388926
64,377627.28,1.9939951,1.6220187,1.8428652,57.002567,-1.5103608
65,496964.7,1.9962035,1.9593244,1.7578893,57.578384,-0.45868543
66,472718.4,1.9969461,1.4022343,1.845468,63.087646,-0.9809544
67,405452.75,1.9978448,2.068458,2.2090023,66.44365,-0.044971824
68,423154.38,1.9948516,1.578165,1.8853774,61.394905,-0.15298438
69,365806.94,1.9939866,1.7458059,1.7377957,61.169094,-0.9107185
70,334829.66,1.9948347,1.470478,1.977583,56.65923,-0.2033357
71,359535.84,1.9953542,2.0778575,1.6983054,61.55075,-0.043191582
72,445601.28,1.994713,1.5634797,1.9050312,62.117714,-1.0310832
73,392164.06,1.9944334,1.6797025,1.653749,55.206333,-1.5055073
74,399249.38,1.99859,2.1666493,2.1824458,64.611984,-0.861474
75,503413.75,1.996404,1.3293169,2.0549023,59.140465,-1.5500658
76,406825.5,1.9952872,1.1954336,1.921326,58.873486,-0.9935945
77,482654.3,1.9980576,2.4756863,2.26103,62.043125,-2.1910512
78,340339.03,1.9958527,1.3992666,1.829088,58.669,-0.2550846
79,368079.28,1.9950273,1.9583663,1.994597,63.616306,-1.5945728
80,385648.06,1.9965737,1.2791687,2.0265133,57.49895,-0.68124604
81,366578.22,1.9925659,1.9213772,1.9174683,56.49219,-0.4007071
82,432442.62,1.9966726,1.3709948,2.26719,58.75095,-0.61418706
83,379545.56,1.993314,1.7385675,1.935509,56.368095,-1.2467008
84,359996.97,1.9987302,1.2899289,2.174805,62.827934,-1.2839347
85,442777.9,1.9979149,2.2144005,2.189495,61.669685,-1.1079841
86,419003.2,1.9952143,1.2549635,2.0621595,59.37733,-0.6964587
87,411681.25,1.995234,1.7432724,2.0290594,59.524853,-0.8982867
88,395584.22,1.9981713,2.0288134,1.8891059,62.29738,-1.2280078
89,528930.7,1.9981573,2.1685987,2.1089127,62.276596,-0.60829383
90,463272.84,1.998524,2.2257662,2.1731582,65.153534,-1.3947663
91,487168.5,1.9966125,1.6537886,2.0507653,62.719467,-0.7752985
92,442026.0,1.9863775,0.8636632,1.872454,54.883266,-0.5534654
93,406224.56,1.9934363,1.5795615,1.9881213,58.70045,-0.7515091
94,457812.06,1.9909745,1.4130425,1.6951622,57.981426,-1.6450164
95,458434.7,1.9985865,2.3532481,2.0876594,63.503304,-0.49771425
96,435087.28,1.9989364,1.5980701,2.3746874,65.319115,-0.22647974
97,504387.84,1.9974039,1.1839159,1.9836946,63.356377,-0.11464593
98,487205.97,1.9993514,1.9438974,2.1873438,63.50183,-0.06573659
99,567221.6,1.9993901,1.6950004,2.2879603,67.50597,-0.6019803
100,557667.2,1.9994314,1.9551911,2.4585452,63.64319,-1.7807537
101,362873.16,1.9955866,1.6988249,1.9073477,59.784153,-1.0571115
102,479947.72,1.9989643,1.5424359,2.1458304,65.93059,-1.0437788
103,458625.03,1.9967415,1.832414,2.130267,58.871155,0.013192922
104,393146.38,1.9965813,1.8839346,2.0445938,58.912796,-0.9790141
105,371872.16,1.9974775,1.7087379,1.8109164,58.352474,-0.8574022
106,455122.72,1.9969802,1.750819,2.006874,61.989796,-0.3629258
107,461132.56,1.9968367,1.6114564,1.9322157,58.228153,-1.1885713
108,399357.75,1.9977497,1.4666562,2.356744,62.33986,-0.11825693
109,330492.84,1.9938004,1.9031816,1.883986,57.68121,-1.2655213
110,398592.34,1.9991632,3.0373344,2.1090665,65.634544,-0.85564935
111,462675.0,1.9975667,1.2092252,2.1105332,63.17969,-1.3512648
112,493319.34,1.9978216,1.7022698,2.0184622,55.163628,-0.016209304
113,475494.22,1.9971433,1.4746554,2.0134268,57.00775,-0.84937686
114,415187.56,1.9950593,1.9685487,1.7326652,58.536114,-1.9912447
115,414732.2,1.9886438,1.6621095,1.6748464,60.18069,-0.6643928
116,411898.28,1.9926667,2.1065938,1.6286155,59.318768,-1.423001
117,430736.94,1.9947547,1.9690652,2.0656698,59.567795,-1.0174321
118,397149.53,1.9965216,2.0536659,2.1880827,63.78781,-1.447092
119,459704.88,1.9982738,2.7409997,2.2441094,66.9725,-1.1242363
120,354739.4,1.9908761,2.0045338,1.9558114,53.854473,-1.7177929
121,402713.47,1.9958041,1.7244583,2.0312822,55.43226,-0.63396543
122,375318.7,1.9984604,2.0111294,2.1976857,59.993137,-1.2818687
123,362458.28,1.9938514,2.1044278,1.7179797,58.081932,-0.5344885
124,516079.06,1.9973006,1.3638222,2.0793595,62.884907,-0.31243634
125,523793.38,1.9982451,2.0261436,2.112216,59.285725,-0.42116714
126,426699.6,1.9926064,0.832144,1.8831766,58.50333,-1.3701296
127,377633.78,1.9972148,1.8961748,2.289026,64.759674,-0.2001394
128,379731.78,1.9986974,1.6518166,2.319844,55.796562,-1.419623
129,392285.94,1.9942195,1.6371675,1.8977637,59.973843,-0.93102765
130,466119.12,1.9975812,1.448727,2.1309056,63.76767,-1.4840287
131,470862.8,1.9986398,1.900908,2.180738,64.40351,0.072349936
132,421786.8,1.9977336,1.2588117,2.1000447,63.21292,-0.9036585
133,389326.84,1.9976418,1.3155887,2.0654907,61.327843,-1.5275929
134,427144.0,1.9978318,1.7656434,2.0757554,65.06308,-1.0596755
135,398846.9,1.9987869,1.1912479,2.2439387,60.63419,-0.14396426
136,408113.38,1.9965646,1.7936847,2.1782532,56.877872,-1.7952765
137,463810.9,1.9982274,1.4444287,2.088121,62.146145,-0.2439749
138,311163.03,1.9922583,1.0156285,1.9034833,55.701218,-0.52116597
139,389568.72,1.9935582,1.9983469,2.1139429,56.082767,-1.1843776
140,413072.3,1.9976056,2.071374,1.9862684,62.68204,-0.21278855
141,498730.94,1.9988437,1.6376116,2.2605915,62.785255,-0.70528877
142,493583.22,1.9967012,2.13104,2.195179,62.009987,-0.6166832
143,323228.53,1.9760303,1.3071742,1.7285733,50.73877,-0.73895246
144,443818.9,1.9979599,1.4304415,2.2089782,59.877678,-0.82142466
145,497178.06,1.9975543,1.9229307,2.1609685,63.973976,-0.9133112
146,437000.25,1.9973862,1.6639078,1.9896019,66.915184,-0.32384259
147,412856.34,1.9978684,1.9791725,2.0582607,60.173676,-0.48508343
148,437236.12,1.9983778,1.627651,2.034634,65.41932,-0.35320622
149,469976.94,1.9963876,1.461649,2.2976713,60.55866,-1.4046906
150,543599.44,1.9987354,1.832449,2.1297374,58.75087,-1.0689305
151,436175.47,1.9978085,1.4776938,2.03456,61.924183,-0.11848402
152,482433.03,1.9971645,2.4807506,1.6355295,66.88724,-1.284069
153,405238.75,1.9975059,1.7884908,1.8129096,64.6816,-0.7197858
154,329098.12,1.9895265,1.6975935,1.8089654,53.815582,-1.0741826
155,440949.75,1.9979665,2.0463214,2.1787739,63.93043,-0.7382159
156,461461.84,1.9973018,1.6885705,2.1572537,61.365524,-1.000963
157,493178.3,1.996788,1.7215669,2.021658,60.97096,-0.64431715
158,491508.88,1.9993057,2.1794508,2.030271,68.11435,-1.3539392
159,309042.1,1.9954889,1.3853111,1.9722977,55.077423,-2.009358
160,483314.6,1.998294,2.0463614,1.841362,61.25606,0.024262547
161,405790.28,1.9954793,1.3335121,1.8786402,61.170677,-1.1472125
162,429060.34,1.9978176,1.8775222,2.1247394,61.559406,-0.15640882
163,385471.97,1.9963603,1.348386,2.078063,56.156116,-1.7048881
164,395580.75,1.9961097,2.219638,2.0453699,57.62491,-0.8980066
165,502732.66,1.998496,1.6741993,2.0991929,64.08952,-0.39880705
166,521618.6,1.9979556,2.2161589,2.32236,63.601933,-1.4406191
167,474640.22,1.9973447,1.3994741,2.3071194,59.38779,-1.563784
168,421817.88,1.9961984,1.1244428,2.003144,55.525272,-0.9317448
169,456585.8,1.9977818,1.9782894,2.2437925,64.15154,-0.2803057
170,361270.47,1.9959581,2.3670793,2.054758,61.133717,-1.3877115
171,501358.78,1.9989659,1.9208833,2.3040926,67.69417,0.47135684
172,501698.94,1.9989249,2.3915656,2.2763765,64.4594,-1.1785822
173,449927.34,1.9974002,1.9915091,1.8570317,64.14573,-0.97266304
174,484334.6,1.9981201,2.409089,2.0585606,57.972565,-0.67030716
175,363819.94,1.9932759,1.573194,2.0121124,57.417526,-0.7499671
176,370350.16,1.9977562,1.5068648,1.5617442,61.69439,-0.77185994
177,361646.62,1.9934247,1.1743209,2.0142343,59.977596,-0.9172546
178,506713.97,1.9970503,0.70158255,2.0740678,54.374058,-0.8290744
179,396858.84,1.9966316,2.3603263,1.9928205,58.44334,-0.7388191
180,384549.6,1.998123,1.5189867,2.1581583,62.30829,-0.8278973
181,476749.53,1.9989717,1.7118491,2.0905004,65.76954,-0.6326078
182,467077.2,1.9967614,2.1203976,2.1175034,60.81897,-1.4379305
183,493086.94,1.9989244,2.2609663,2.3494031,63.558773,0.0053745806
184,472945.6,1.9976406,1.4659169,2.0334663,64.08653,-1.3564565
185,359353.62,1.9939616,1.4020079,1.8285867,54.791534,-0.8331541
186,465731.03,1.9987847,1.985193,2.2081416,68.76084,-1.0410846
187,421448.06,1.9979998,1.9984386,2.2073545,60.12529,-1.2250228
188,345026.12,1.9903128,1.8083185,1.885707,55.12914,-1.1164455
189,519245.75,1.9987011,1.56924,2.3363142,63.37257,-0.73823285
190,374048.53,1.9955857,1.2861834,1.8033059,63.56843,-1.9330178
191,423367.78,1.9980512,1.9554931,2.2373428,63.041405,-1.297272
192,449980.0,1.9993447,2.161304,2.3643754,69.585945,-0.30066666
193,486766.34,1.9961371,1.3220447,1.8883235,60.713978,-1.1928959
194,462544.84,1.9972104,1.9848229,1.9942594,64.803024,-0.28446105
195,429138.66,1.9974513,1.6190913,2.0583043,64.607605,-1.2915592
196,428330.4,1.9959545,1.2221102,1.8719019,53.088917,-0.64136815
197,507992.28,1.9982051,2.0249553,2.1149178,58.404175,-0.86235034
198,393881.78,1.9920325,1.912251,1.7818239,56.486465,-1.1670557
199,529562.44,1.9995341,2.1945815,2.3996534,65.50945,0.10036799
200,377050.56,1.9980689,1.7902026,2.1491065,63.69268,-0.19246918
201,532133.5,1.9978874,1.7809024,2.0618167,63.890556,-1.4527674
202,372787.88,1.9967091,1.6554018,1.8829539,58.42186,-0.82083356
203,408855.25,1.9987416,2.6152253,1.8631444,67.51723,-0.5020284
204,416435.7,1.9972441,0.6123928,1.8768057,60.49068,-1.436848
205,362312.2,1.9959172,1.46145,1.8131919,60.42476,-0.820307
206,547231.4,1.997801,1.548502,2.092504,60.570972,-1.5611985
207,379607.56,1.9976449,1.6150056,2.1966803,59.14595,-1.8818681
208,487706.56,1.9962997,1.5506208,2.0542848,62.833294,-0.463455
209,468293.53,1.9979539,1.3893274,1.9037347,61.640522,-0.37224782
210,387799.6,1.9936328,1.0880746,1.873509,55.392235,-0.284961
211,387404.53,1.9944236,1.8071711,1.7969728,56.285583,-0.23283002
212,440968.88,1.9960136,2.1530104,1.7830536,60.698845,-1.1914132
213,435974.78,1.9978818,1.9928503,2.1018786,61.118767,-0.67946565
214,356482.1,1.9947307,1.7447951,2.0846252,57.74683,-1.1379827
215,494785.28,1.9985871,1.7578254,2.053996,64.112526,-0.9380955
216,486018.9,1.9970205,1.3837483,2.0992293,61.58234,0.029585093
217,376602.62,1.993742,1.1278546,1.8479779,58.259544,-0.5495935
218,447451.2,1.99492,1.2906704,2.0334973,59.912525,-0.8642375
219,368348.3,1.9964199,2.0042894,1.9563932,60.228474,-0.92956835
220,452033.8,1.993828,1.372231,1.7497061,60.689384,-0.6960063
221,464344.47,1.9980247,1.8024037,2.0757442,65.31226,-1.9506192
222,506170.62,1.9985708,2.0984497,1.9803426,61.75033,-0.32666487
223,409409.4,1.990058,1.434242,1.8631763,54.65886,-1.2711406
224,474106.0,1.9981432,1.7795202,2.0069427,62.2702,-1.0063393
225,401783.16,1.9955707,1.8077192,2.0419877,61.623104,-0.8540261
226,513500.12,1.9989798,1.5362585,2.069711,60.501896,-0.7183212
227,372018.44,1.9949014,2.0502827,1.9369311,56.859756,-1.1649312
228,323660.9,1.996707,2.0198092,1.97532,59.589275,-1.1799775
229,424363.6,1.9969561,1.380148,2.0591311,65.60855,-1.1869421
230,377187.5,1.994468,1.2160691,2.0587482,64.20131,-1.0637455
231,343307.78,1.9910836,1.2363992,1.6796038,55.782784,-1.9326283
232,566757.06,1.9995224,2.8143554,2.375824,67.55637,-0.956655
233,441979.47,1.9978614,1.2986277,1.8990355,61.49276,-0.6324525
234,373381.7,1.9975953,2.1167517,2.1307797,63.828503,-0.77457666
235,372066.66,1.9933072,1.0441651,1.8886862,58.433655,-1.4388978
236,349520.1,1.9902451,1.3687944,1.885654,56.51337,-0.9661835
237,476798.8,1.9987221,2.0228674,2.2145557,64.735016,-0.24884295
238,528145.8,1.9980416,2.4286802,2.2883267,63.899654,-0.4601745
239,341157.4,1.991936,1.3542618,2.0009096,56.904972,-1.4675624
240,401881.3,1.9944769,1.7525985,1.95848,59.558765,-1.235717
241,519487.9,1.9988775,2.0724201,2.2571216,64.92527,-0.80297524
242,478784.75,1.9962802,1.6522067,2.0883136,59.191658,-1.0032194
243,440163.3,1.9969137,1.3906679,1.9993612,61.505356,-0.5475729
244,437149.84,1.9970402,1.5494084,2.0468988,59.056355,-1.289474
245,437950.88,1.9967582,1.6215086,1.998407,60.01722,-1.0573084
246,415723.06,1.9988315,2.2528758,2.0944648,60.94384,-0.11527282
247,304494.0,1.9893761,1.2097968,1.8172166,54.90928,-1.3567238
248,304621.84,1.9901431,1.7757878,1.7999005,54.65854,-0.74063003
249,383385.5,1.9927875,1.1918788,1.9189328,58.182796,-1.2846942
250,472470.56,1.9938941,1.2276143,2.0057077,59.786648,-0.43341872
251,469939.75,1.9983078,1.21977,2.003151,64.49787,-0.96770436
252,460663.8,1.9981613,2.0877547,2.157239,64.10686,-1.3505461
253,440361.84,1.997445,1.6595001,2.1606555,58.717716,0.23868966
254,411391.34,1.9957442,1.344687,1.8104129,63.7515,-1.21613
255,492850.16,1.99702,1.604147,2.0556679,63.533123,-1.1728387
256,433112.66,1.9931781,1.1323626,1.5963274,56.007168,-0.8620816
257,412687.1,1.9946213,1.7431943,1.9115255,59.603325,-1.676935
258,364779.28,1.9982464,2.1424427,2.1717978,64.33073,-1.1249472
259,239984.27,1.9849391,1.4630909,1.7451174,54.080055,-0.69564927
260,346891.56,1.9972191,1.7965354,2.0420914,61.027824,-0.33295912
261,368162.12,1.9989848,1.5450475,2.1831565,63.77399,-0.63161075
262,378592.56,1.9940029,1.190849,1.9496214,58.258595,-1.4112967
263,446065.38,1.9974697,1.5093966,1.9902437,61.22711,-1.2835302
264,456193.66,1.9972106,1.8914926,2.175281,64.08208,-0.8922312
265,483851.88,1.9967085,0.7281521,1.9202456,63.285515,-1.8542649
266,426674.4,1.9982281,1.4926653,2.051916,59.56906,-1.3801308
267,487732.0,1.9982071,1.8241305,2.254216,63.849632,-0.04546535
268,480591.44,1.9986548,1.971576,2.0724072,62.131107,-0.36376727
269,434623.8,1.9991975,2.2219186,2.2599554,68.25118,-0.2652746
270,454338.47,1.992927,1.5665913,1.8667207,61.05152,-0.6948496
271,346672.84,1.994732,1.5302453,2.0358062,59.068913,-1.1652998
272,547518.94,1.9989786,1.8229287,2.235208,61.989998,-0.7021766
273,419773.5,1.9923198,1.6405823,1.9363151,59.87468,-1.6797223
274,419778.5,1.9969883,2.0507817,2.0601757,63.484142,-1.2914047
275,457586.25,1.997869,1.8002164,2.1131384,62.34721,-0.8654952
276,312235.7,1.9904826,1.337243,1.7207191,53.055813,-1.8418992
277,421766.44,1.9944382,1.6612911,2.0965137,59.94133,-1.4070177
278,370394.47,1.9913111,1.4622208,1.7001672,60.36947,-0.5931466
279,403779.66,1.9966733,1.6277823,1.8715078,61.65359,-1.4339242
280,345611.62,1.9976085,2.5262866,2.2345202,59.40166,-0.92056084
281,384770.47,1.9941761,1.3873667,1.9807379,57.45415,-1.2364714
282,407403.75,1.9915614,1.4008266,2.0770972,55.952488,-0.573201
283,518883.84,1.9983261,1.6751559,2.293089,62.302834,-0.76438546
284,356846.9,1.9963958,1.6758242,2.1795669,62.499893,-1.0181631
285,566285.56,1.9970336,1.1693692,2.035699,60.758446,-1.0827402
286,467539.16,1.997787,1.632443,2.0687072,62.24494,-2.2162623
287,343892.0,1.9945457,1.4649005,2.0354092,54.723305,-1.4588964
288,396196.84,1.9907995,1.8961716,1.7713757,51.26866,-1.1404252
289,476756.62,1.9969202,1.7136514,1.9818604,60.23532,0.051817328
290,390441.47,1.9897133,1.6612048,1.8958747,58.335045,-1.0462663
291,371533.06,1.9937322,1.7627445,2.096074,59.199726,-0.35448638
292,456476.7,1.997822,1.7652304,2.0852232,63.144867,-0.84128416
293,462395.53,1.9980917,1.398834,2.1000948,60.508865,-0.73188215
294,378680.62,1.9939183,1.7572963,1.8370941,57.61032,-0.9409762
295,402618.97,1.9949777,2.1655953,1.9041506,57.70978,-0.46463218
296,416530.53,1.9965701,2.243808,1.9860413,61.37874,-1.3599474
297,309964.0,1.9885111,1.4697582,1.8369616,48.88743,-1.3017108
298,386376.94,1.9962181,2.1164176,2.1219783,63.691513,-0.42895046
299,376473.0,1.9977584,1.752949,1.9798117,62.024673,-0.8889473
300,502368.06,1.9991673,2.6021817,2.1778738,62.86598,-1.3573756
301,435058.88,1.9936675,1.4370238,1.9291737,56.19695,-0.79182446
302,421052.38,1.9978249,2.0040383,2.1250129,62.864975,-0.37003604
303,432078.4,1.997515,1.7541564,2.1340008,60.70779,-1.5199043
304,389496.84,1.9933641,1.6227603,1.8032074,53.831684,-1.2921767
305,419210.7,1.998604,1.6687821,2.2796628,65.737404,0.16627508
306,454320.5,1.9980626,1.5906047,2.128351,65.31551,-0.5808578
307,392019.38,1.9974649,1.778581,2.1805665,58.764435,-0.17823038
308,385362.03,1.993917,1.7686393,1.9272065,60.260426,-1.2698138
309,407486.4,1.9939727,1.4566257,1.9040333,65.20982,-0.737105
310,608488.4,1.999268,2.2834907,2.0196648,69.77969,-1.7226713
311,417039.72,1.9964609,1.615645,2.0077338,58.73438,-0.6844746
312,456874.06,1.9962649,2.1704578,1.9708903,60.744354,-0.8548908
313,452204.62,1.997709,1.5100869,2.1106486,62.710472,-1.4080049
314,417740.44,1.9985886,1.0964587,2.2696855,59.514225,-1.5318744
315,489079.62,1.9990815,2.0977066,2.2541835,65.51785,-1.1845863
316,390236.97,1.9906452,1.1586776,1.6892004,57.339405,-1.7549729
317,466413.97,1.9964776,2.6137378,2.0382152,63.194946,-1.0265659
318,392922.62,1.9956288,1.7158082,1.9558586,62.23473,-0.81394875
319,556814.25,1.9959086,1.3436162,2.0361266,63.422184,-0.76340497
320,462137.44,1.995726,1.3791856,2.167027,59.51483,-0.5455875
321,485565.88,1.9960743,1.4510498,1.8951155,58.662193,-0.82397765
322,361693.97,1.9949725,1.8842157,1.8373861,55.772907,-0.9946132
323,447572.7,1.9947283,1.2649076,2.131172,60.550087,-1.4007622
324,391619.56,1.9932077,1.5626031,1.9021635,57.769447,-1.065345
325,449305.47,1.998939,1.739378,2.0312872,60.65776,-0.03698495
326,382143.9,1.990423,1.086625,1.6303699,49.911087,-1.3948925
327,387429.53,1.9921659,1.4445723,2.065246,58.252373,-0.9898875
328,484907.38,1.9935869,1.6666751,2.0144513,59.185555,-0.9493085
329,469742.8,1.9977763,2.1030674,2.0362017,59.665493,-0.6508298
330,372752.8,1.9959927,1.388871,1.7626702,56.8211,-0.2935685
331,382196.9,1.9972494,1.6220446,1.9251268,58.75814,-0.58813745
332,441147.44,1.999166,2.256861,2.1036258,66.14157,-0.8701206
333,379857.84,1.9944669,1.6057978,2.020235,57.238293,-1.1487819
334,462948.2,1.996278,2.0582378,2.000482,62.63181,-1.245665
335,493355.16,1.9974754,1.6402979,2.057107,57.86808,-0.8737436
336,457913.8,1.9992461,1.6249228,2.3215864,65.71008,-0.60945106
337,460259.1,1.9988241,2.6908069,2.0467396,62.565826,-0.6527224
338,454185.6,1.9965891,1.5112386,2.1450503,56.780926,-0.4819147
339,402679.22,1.9956386,1.2164974,1.8959811,59.99442,-1.52192
340,402261.62,1.9971354,1.6632192,2.267517,57.809254,-0.8679864
341,479522.78,1.9988801,1.8343817,2.286744,63.007668,-1.5254977
342,514789.53,1.9985073,1.9617293,2.1567698,62.720455,-0.80877966
343,423852.53,1.9988487,1.8754675,2.1270406,61.141556,-0.30027804
344,365504.56,1.990669,1.7079718,1.7705262,56.253666,-0.7321049
345,466237.2,1.9984815,1.911532,2.2432582,66.41322,-0.15898746
346,367828.1,1.9960042,0.97260034,1.9503247,57.92295,-1.5243243
347,444064.9,1.9977808,1.8281604,2.1517198,59.36614,0.0038874447
348,355823.22,1.9963529,1.485621,2.0478091,57.120872,-1.8621252
349,431595.72,1.9942746,1.1317565,1.883255,57.51809,-1.193763
350,385889.7,1.995234,1.8760583,1.9020914,58.51932,-0.8088804
351,485356.78,1.9978094,1.7501769,2.267055,64.60271,-0.5671441
352,489121.7,1.9973929,1.3217193,2.0838087,63.270233,-0.7244092
353,509959.75,1.9991899,2.0766454,2.2972536,66.21879,-1.2918245
354,424972.22,1.9961126,1.021761,1.8146371,54.88985,-0.91333157
355,495387.5,1.9963422,1.9307072,2.0979872,61.83555,-0.46764252
356,466052.75,1.9980876,2.1075141,2.2674923,63.89675,-0.00393939
357,584159.2,1.9996328,2.061017,2.35353,68.865616,-1.7581762
358,577981.9,1.9982213,1.9782715,1.7718798,64.96802,-1.004826
359,415641.22,1.9932647,1.260906,1.9124655,56.901123,-1.7383968
360,410274.6,1.9929695,1.4490654,1.8906988,57.65586,-1.01318
361,326286.4,1.9979814,1.9184042,2.1704335,60.53462,-0.0013673007
362,385685.94,1.9917066,1.3858321,1.8846252,55.652927,-1.6491174
363,439678.34,1.99613,1.3425022,1.9026365,60.990723,-0.8359123
364,326685.1,1.9881372,1.2333562,1.7292094,54.260098,-0.59671813
365,517788.78,1.9989665,1.9815481,2.2794356,64.132805,0.6475307
366,323121.78,1.998786,2.1930912,2.2058516,64.4541,-1.3119816
367,450476.1,1.9973116,1.4956307,2.0099685,57.846066,-0.71967036
368,401029.56,1.9976468,2.2442262,2.2068615,60.263268,-0.6765623
369,463221.16,1.9960351,1.0895605,1.8981024,62.12167,-0.0049966276
370,417672.16,1.9984314,1.6499891,2.0191162,63.260166,-0.31118092
371,458815.62,1.9986076,2.4434638,2.2660308,61.862488,-1.0936518
372,435785.2,1.9958336,1.9548773,2.1861079,59.03592,-0.29924628
373,510579.16,1.9971774,1.7505963,1.9326112,63.429596,-0.7520957
374,440365.53,1.998593,0.91208607,2.114842,63.721977,-1.5800227
375,547362.7,1.99875,1.6846867,2.2614172,62.73091,-0.990288
376,375054.12,1.9939706,1.8196867,2.0783288,57.71741,-1.3822687
377,396945.06,1.9954653,1.4920619,1.8283305,58.617718,-1.4633632
378,445377.88,1.9969141,2.0198298,2.1795826,65.81235,-0.9500802
379,455463.97,1.9981258,1.2250172,2.1181338,57.965168,-0.8614825
380,394482.84,1.9939728,1.4262931,1.8340604,59.155067,-0.62909305
381,450908.44,1.9964126,2.125185,1.7337409,60.85523,-0.6011816
382,476832.47,1.9970144,0.8905945,1.946561,59.32223,-1.2922311
383,459020.34,1.9964097,0.9337367,1.8978077,56.198437,-0.21629211
384,452909.2,1.9978516,1.9852662,1.9365251,66.0311,-0.38163182
385,447413.06,1.9975678,1.9771831,2.0662632,65.04245,-0.30027863
386,361177.9,1.9896772,1.4934025,1.7274776,54.22139,-1.0865206
387,427952.66,1.9953573,1.8838167,1.9411461,60.015022,-0.7074657
388,342881.4,1.9921662,1.4154363,1.9658761,49.436558,-1.8064845
389,406447.03,1.9920366,1.9564902,1.7176168,60.267082,-1.1477098
390,535376.75,1.9993429,1.6595881,2.3832843,68.99615,-2.3882709
391,450915.8,1.9926114,1.5036882,1.8848133,59.421318,-1.1538275
392,451979.1,1.9974706,2.1676402,2.2680106,65.77253,-0.49847287
393,419039.38,1.9950826,1.7034729,2.2298565,63.28982,-0.8622546
394,383473.56,1.993146,1.6912912,1.8760102,53.716,-2.3137555
395,490690.62,1.9990233,1.455999,2.3221927,67.22495,-0.46133024
396,420579.28,1.9965141,1.8927336,2.1301956,63.88293,-0.84081835
397,482483.22,1.9991777,1.6513231,2.076335,65.21347,-1.1703486
398,459655.28,1.9979131,1.2598968,2.199532,62.378704,-0.86183167
399,414677.25,1.9969296,1.4800317,2.0865092,62.858482,-0.36659983
400,522623.4,1.9981103,2.260967,2.1130335,63.956753,-0.5917577
401,411488.5,1.9953034,1.6572294,2.0463605,58.504814,-0.2842268
402,363751.6,1.9969763,2.0689425,2.1250045,56.523525,-0.40123996
403,452457.1,1.9982095,2.2321093,2.176621,65.18463,-1.9249475
404,425164.12,1.9978473,1.5138602,2.0138414,61.49972,-0.11583713
405,507875.3,1.9977994,1.3334248,2.3925328,57.79731,-0.32653657
406,330787.16,1.9910665,1.6735994,2.0159745,58.48757,-1.1304731
407,364568.8,1.9912325,1.4867891,1.7814057,55.64793,-2.0742059
408,494002.2,1.9977167,1.6080935,2.1017141,58.337715,-1.4058326
409,470545.06,1.9996039,1.586132,2.2920694,67.749535,-1.9029193
410,497038.7,1.998821,2.3570662,2.3653102,63.57341,-0.9138918
411,360497.28,1.9947597,1.3186748,2.043218,60.658527,-0.574059
412,530673.44,1.9994192,2.4179516,2.4443276,64.580734,-1.2286534
413,418047.34,1.9966031,1.9042573,1.9588032,61.211903,0.09072396
414,392922.4,1.9971226,1.7484581,1.7420061,60.484043,-1.529764
415,509337.03,1.9981627,2.2505243,2.0074058,65.1965,-0.58754694
416,399433.62,1.9959161,1.6732047,1.9915066,61.03794,-0.9278189
417,388144.53,1.9944204,2.0528574,1.8488061,56.97611,-1.3631461
418,395082.38,1.9923589,1.1267239,1.9374311,60.82143,-1.7841853
419,440994.5,1.994354,1.435719,1.7827187,58.117214,-1.4023147
420,408297.7,1.9970796,2.1302845,2.1375897,61.949154,-0.0392839
421,417118.62,1.9964795,1.5625674,2.1535811,58.717445,-0.410296
422,461967.9,1.9967855,1.1142285,2.1898537,58.47817,-1.1536695
423,385115.72,1.9968,2.249503,1.989108,61.870872,-0.20248172
424,439266.16,1.9955585,1.4995416,1.9752448,58.603603,-0.014756292
425,492495.25,1.9982815,1.597228,2.1261704,63.48556,-0.5183839
426,367639.3,1.9964427,1.8633478,1.914237,62.88643,-0.7767514
427,468221.8,1.9981779,1.3701749,2.1101909,62.12051,-0.75384015
428,356873.84,1.991647,1.4879626,1.7396469,54.87323,-1.225679
429,350526.8,1.9955071,1.8204744,1.9556592,58.516197,-0.9939717
430,482592.2,1.9985026,2.1119964,2.1681511,65.368454,-0.38189304
431,455074.75,1.9964563,1.2196465,1.8803147,58.85335,-1.2194185
432,528210.75,1.9976275,1.8961201,2.1030803,63.792812,0.39536256
433,443000.28,1.9942393,1.1707587,2.0265036,60.41235,-0.24861124
434,323692.94,1.9971633,2.3049736,2.157398,56.791702,-0.79940087
435,469364.9,1.9971783,1.5731896,1.9518871,63.043713,-0.33130985
436,384162.22,1.9957404,1.9019699,2.2595627,56.35295,-1.089843
437,456219.56,1.9972901,1.4677517,2.17304,62.868786,-1.8268263
438,432072.22,1.9956906,1.5430851,2.0783813,63.17327,-0.6660533
439,536419.4,1.9943211,1.7126296,1.9858539,61.429848,-0.2932429
440,406036.75,1.9918079,1.316919,2.0425549,55.12785,-1.0469338
441,369973.06,1.9960399,1.1985883,1.9119501,59.824497,-1.1924471
442,371668.28,1.9915628,1.4186015,2.1128302,61.02511,-1.0057305
443,441179.97,1.9969491,1.909636,2.1208355,63.032913,-1.6493024
444,439433.25,1.9961643,1.5595855,2.0630045,61.62905,-1.5111715
445,339819.16,1.9939103,1.2710642,1.9453549,57.712406,-0.75482166
446,537031.3,1.9962778,1.5064269,2.0426812,60.200058,-0.74428797
447,488544.88,1.997979,1.9084893,2.166459,60.85225,0.028748095
448,382046.75,1.9975386,1.9824872,1.9148684,56.304653,-1.3083196
449,354113.66,1.9946048,1.334448,1.8982236,52.077423,-0.85491824
450,337331.9,1.9836595,1.7966412,1.7094564,54.49977,-1.0566709
451,517592.84,1.9987719,2.445953,2.183113,66.79386,-1.7883271
452,437453.62,1.9979978,1.9985447,2.080262,64.13236,-0.15607876
453,365057.06,1.9954448,1.8493284,1.9946973,62.030094,-1.5972128
454,346659.62,1.992368,1.6539576,2.0127714,58.26248,-0.8418684
455,514531.56,1.9974983,1.8648577,2.1603706,62.227818,-1.7233803
456,576163.5,1.9990548,1.471433,2.0975409,63.157124,0.8019208
457,417923.5,1.9957699,1.6638515,2.0144718,53.678383,-0.37555096
458,467055.6,1.9973035,1.7144408,1.9956138,56.97578,-1.0222291
459,477005.25,1.9969944,1.5575957,2.1161947,60.241005,0.005466521
460,503783.44,1.9978147,2.0900218,2.161501,62.735943,0.35238865
461,491747.3,1.9973123,1.5547814,2.1170988,66.75832,-1.2233062
462,543763.1,1.9982693,1.6868751,2.2762842,67.50538,-0.8479885
463,464175.44,1.9984491,2.0861182,2.3897202,61.428722,-0.6026321
464,426480.4,1.9964445,1.5443339,1.9014041,60.66268,-1.0193309
465,456740.72,1.9964027,1.8916941,2.0127592,60.036015,-0.46193165
466,514260.94,1.9988333,2.1202724,2.1254473,63.900795,-0.80050236
467,399550.6,1.9872032,1.6858317,1.772319,56.062004,-1.1182125
468,422793.94,1.9962547,1.7228241,1.9131145,59.851612,-1.5288519
469,553156.4,1.9975812,2.3832216,2.0497851,63.6819,-0.30283776
470,499669.2,1.9930787,1.8732231,1.9268882,62.23953,-0.9114212
471,475217.28,1.997307,1.3098395,2.0556617,62.265255,-0.9752896
472,395923.97,1.9971051,1.0486209,2.2340393,62.45104,-0.43629852
473,450232.8,1.997834,1.4961077,2.0703845,57.166523,-1.0651419
474,523872.12,1.9971225,1.3540788,2.1483784,62.11719,-1.0538088
475,408407.78,1.9962068,1.275337,1.9516878,62.400726,-1.4413619
476,442709.47,1.9943047,2.0592306,1.9288566,57.341255,-0.33047986
477,388943.06,1.9970207,1.9103723,2.0741563,55.400043,-0.79461247
478,406767.22,1.995751,1.898205,2.2304425,60.109703,-0.28978404
479,489426.3,1.9986844,1.6522818,2.060133,64.95514,-0.5228649
480,475060.44,1.9969027,2.2384183,2.1329346,61.868717,-0.7630566
481,462108.72,1.9960701,1.368915,2.0455208,59.293903,-0.6201203
482,317996.5,1.9963621,2.028945,2.1976643,63.536385,-1.1920223
483,439461.6,1.9985098,1.6430459,2.2027953,64.332664,-1.2374709
484,435441.12,1.9969852,2.3345811,1.939981,60.881508,-0.9679019
485,440481.62,1.993524,1.6367252,1.7759173,58.293808,-0.99695593
486,457383.0,1.9972631,1.9055941,1.8295753,60.464516,-1.897629
487,388280.78,1.9966469,1.6027697,2.149938,62.528126,-0.4271641
488,391723.44,1.9926777,1.3450944,1.6739826,54.785435,-1.4048331
489,451605.1,1.998333,1.994624,2.2870326,65.60798,0.27763414
490,464547.2,1.9982573,1.7280307,2.1689382,57.997154,-0.12951267
491,397243.78,1.9979534,1.9151304,2.053408,61.38831,-1.0603366
492,264965.7,1.9983637,1.9306574,2.269137,64.89963,-1.7301621
493,395986.44,1.9946651,1.8347819,1.9204953,58.672215,-0.8213052
494,502694.3,1.9965687,1.7038368,2.0955672,61.275726,-0.62985945
495,428739.1,1.9945488,2.097343,1.9921591,59.709534,-0.709955
496,340521.1,1.9876578,1.3628397,1.8377907,56.01096,-2.1605458
497,437104.34,1.9923925,1.6636906,1.6524398,54.877556,-0.6725094
498,331641.28,1.9850147,1.6821939,1.7552887,53.654247,-1.2859931
499,400838.66,1.9972377,1.5019566,1.9561031,59.41543,-0.29143673
500,430696.78,1.9906538,1.4552597,1.846968,53.561935,-1.0700886
501,490853.56,1.9973714,2.1033335,2.223423,63.23327,-0.62317085
502,349637.62,1.9939425,1.3969398,1.9427669,56.277794,-1.016468
503,454220.5,1.9973602,1.3706858,2.1572397,57.02898,-0.9248482
504,360119.06,1.9990513,1.8755713,2.3696198,67.66904,-1.163296
505,384143.94,1.997687,2.4149463,2.1431277,61.73121,-1.6355736
506,495016.62,1.9989582,2.2303028,2.1249108,63.941673,-0.5801108
507,380632.28,1.9852111,1.4835503,1.6322927,51.786922,-1.0596803
508,433944.3,1.9991169,2.0437646,2.2728777,64.36975,-1.2024437
509,452447.3,1.9971008,2.3048663,2.1735404,65.034386,0.078780085
510,431830.03,1.99789,1.9509623,2.1370978,59.48789,-0.59217745
511,350418.56,1.9901755,1.8289921,1.8692182,60.12707,-1.1397042
512,370439.0,1.9966321,1.8440355,2.0018094,60.98125,-0.77564543
513,503473.75,1.9993207,2.2553167,2.1795263,67.26618,-0.75541556
514,449266.16,1.993525,1.1228861,1.9654608,61.83142,-0.86800605
515,474500.62,1.9979365,1.2223492,2.3165421,68.21806,-0.8936721
516,527555.94,1.9992049,1.9103534,2.1684213,64.75877,-0.7028537
517,382230.8,1.9978658,1.69028,2.098535,61.787857,-0.8219963
518,324057.88,1.9904501,1.6776841,1.978154,56.252705,-0.947555
519,412211.6,1.9945829,1.6944678,1.9909325,60.90067,-0.54991823
520,403040.2,1.9952172,1.7185745,1.8639452,59.831623,-0.7773754
521,454856.1,1.9945897,1.8010544,2.2124908,59.005848,-1.642081
522,469862.9,1.9981409,1.8440924,2.2055745,64.90056,-0.07885975
523,485563.22,1.997011,2.019788,2.0469842,53.964134,-2.2103138
524,442924.22,1.9972942,1.7502749,1.9835763,60.30043,-1.4738772
525,380779.3,1.9961505,1.1452051,2.1228652,59.145737,-0.72306323
526,360700.2,1.9937233,1.2823279,1.971881,57.805115,-0.707227
527,462087.5,1.9961479,1.6428635,1.8985553,58.96809,-1.3558793
528,393824.3,1.9955842,2.176307,2.0368168,59.05238,-1.4419591
529,400114.97,1.9966224,1.6699879,1.933018,59.450882,-0.82754385
530,474844.28,1.9982048,2.0377154,2.0127943,66.800545,-0.52303576
531,475944.8,1.9941247,1.7821021,1.8161163,56.86901,-1.3577137
532,426555.78,1.9943686,1.0149171,1.7869452,56.79958,-1.2852535
533,497400.28,1.99839,1.6473286,2.4088843,64.31693,0.14577258
534,377460.2,1.9905936,2.1309083,1.7717226,60.193752,-0.979731
535,486004.44,1.996542,1.4837338,2.044985,61.19958,-1.0393426
536,439970.0,1.9989289,1.8383207,2.1300035,62.35372,-0.8111931
537,347618.53,1.9939289,1.7856982,1.8906276,59.381218,-0.92230594
538,381120.47,1.9932514,1.3534828,1.8990315,57.72529,-0.67198277
539,365174.3,1.997276,1.9960527,2.1128058,60.351215,-1.1998928
540,388818.12,1.9936446,1.4842182,2.0330598,57.60429,-0.30997646
541,341948.97,1.9939378,1.3882205,1.8876595,52.46685,-0.87797236
542,346959.4,1.9903321,1.6998578,1.5331225,51.566364,-1.0332423
543,445949.53,1.9901793,1.201914,2.0005143,60.53192,-0.41355428
544,385787.88,1.9934385,1.2790251,2.003172,60.146763,-0.76092416
545,388167.12,1.9939959,1.1961195,1.9953886,58.755024,-0.83782977
546,402614.44,1.9955455,1.8218412,1.974677,58.508896,-1.0988724
547,433372.12,1.9992963,2.1118975,2.4079952,63.664932,0.39391878
548,378662.75,1.987094,1.3991615,1.6767247,57.14025,-1.3108389
549,427814.03,1.997017,1.7182577,2.1391575,59.92155,-0.25570613
550,402307.75,1.9867456,0.99958014,1.8302517,54.62633,-1.3950759
551,462346.44,1.9957342,1.7440892,2.1108904,61.049835,-1.1163121
552,473879.7,1.9972037,1.898757,1.9333742,61.875977,-0.96173614
553,315141.38,1.9916749,1.4864103,1.8721559,55.205376,-0.48654255
554,432781.75,1.9984512,1.8289046,2.1805885,61.91771,-1.2377956
555,448458.9,1.9958494,1.7689621,2.1065772,62.32717,-1.2542064
556,398278.34,1.99527,1.7285988,1.8172381,59.0004,-0.629172
557,500988.0,1.9989448,1.8294194,2.1400914,62.895668,-0.024307638
558,393687.94,1.9887869,1.3400592,1.9811602,57.346916,-1.0052478
559,422853.66,1.995519,1.8097697,2.1011424,60.556847,-0.30839545
560,486013.1,1.9957587,1.927741,2.0279684,63.308235,-1.1685481
561,461748.12,1.9970446,1.6136012,2.2168186,57.949867,-0.85004354
562,387472.6,1.9959168,1.6227508,2.1426153,65.57662,-0.5559843
563,308505.66,1.9958036,1.8548367,1.9906139,56.62969,-0.70405275
564,368508.53,1.9962153,1.0479293,2.0703523,61.339058,-0.33635926
565,510647.12,1.9979235,1.6194341,2.3712842,63.85656,-0.40379447
566,567862.44,1.9994948,1.725038,2.3032086,63.73591,-0.33536267
567,410812.2,1.9988397,1.6435442,2.2509136,63.352413,-1.0129645
568,349060.9,1.9929097,2.0863414,1.9679687,59.203674,-1.1222415
569,476519.8,1.9994264,1.9754345,2.1940846,64.25272,0.40457192
570,483653.16,1.9965824,1.2806592,2.290395,63.65757,-1.3112228
571,364104.6,1.9871199,1.1198924,1.8309078,57.193157,-0.9716827
572,356985.2,1.9936459,0.97059727,1.7521636,54.284245,-1.1374189
573,464471.56,1.9957167,1.5829006,1.9554752,58.50037,-0.7196522
574,412921.47,1.9936856,1.631794,1.7376015,56.25843,-1.9276165
575,436944.25,1.9977639,2.408393,2.0662637,60.8409,-0.6706652
576,472791.66,1.9985863,1.5229762,1.9449975,61.68262,-1.0769417
577,487992.2,1.9990492,1.9482906,2.0516372,64.41656,-0.13890085
578,445442.66,1.9985275,2.1566615,2.1504898,66.24449,-1.5698307
579,479900.16,1.9960359,1.9112701,1.9838645,58.715233,-0.8275438
580,416625.53,1.9864607,0.80818033,1.7944154,56.91072,-1.1512332
581,414551.28,1.9941854,1.7682858,1.7752197,56.744347,-1.2938824
582,362898.2,1.9956887,2.1136682,1.8896717,57.316982,-1.0420777
583,428316.9,1.9983251,1.6830618,2.1191854,61.495926,-0.6550279
584,367983.12,1.9932641,1.8930972,1.9836144,60.3842,-0.26796845
585,484205.7,1.9980445,2.0334413,2.2541647,58.390594,-1.0397751
586,423074.34,1.998342,1.9746462,2.104152,64.372,-0.81511164
587,451272.94,1.9993367,2.014682,2.431508,68.37818,-0.80346704
588,394194.84,1.9930328,1.2830042,1.7212118,59.107494,-1.7735184
589,514820.56,1.9993232,2.3188295,2.4506884,65.06066,-0.27251866
590,423533.53,1.996985,2.1581511,2.1533475,62.26625,-0.71674776
591,513772.47,1.9982119,1.6966681,2.0646021,64.71738,-0.38263422
592,408796.75,1.9956661,1.1596245,1.76857,61.170555,-0.8288836
593,392782.78,1.9931774,1.9596581,1.8764874,54.62571,-0.33729833
594,347336.94,1.9920533,1.6583369,1.8312466,51.68712,-1.0771794
595,439356.72,1.9972577,2.0331707,2.220792,59.07425,-0.9725558
596,386021.78,1.9928887,2.0345244,1.9141295,60.425182,-0.44340697
597,462658.94,1.9982183,1.2009393,2.1949337,64.89135,-1.2452488
598,554206.56,1.9987826,1.8349271,2.1793363,59.786648,-1.3360555
599,390544.84,1.9974141,1.9212116,1.9308071,59.726517,-1.5700557
600,434956.94,1.9968717,2.0569136,2.029992,60.277336,-0.7851336
601,420547.22,1.9976656,1.8018923,2.0596976,59.77212,-0.044021875
602,308531.94,1.985847,1.3789077,1.9497052,57.925125,-2.2435007
603,587083.4,1.9990177,1.3405318,2.2362294,65.19438,0.1270378
604,428243.47,1.9931905,0.8678417,1.8911562,61.57822,-1.6485415
605,438944.38,1.9987392,2.2472224,1.9906607,60.378223,-0.34945515
606,531617.56,1.9989784,2.313737,2.224544,65.63854,-1.2864877
607,449280.3,1.998353,1.5779536,2.191788,57.48788,0.46868804
608,527002.6,1.9987259,1.8310122,2.2434864,63.250416,-0.65306187
609,339219.3,1.9963108,1.5586607,2.0046742,56.47091,-1.0307667
610,404864.88,1.9982944,0.9344868,2.2361767,58.181595,-1.5173144
611,420153.2,1.995686,2.0110097,1.9851084,64.71282,-0.5828364
612,400123.62,1.9950328,1.5978463,1.9251304,62.95864,-0.9490914
613,388055.78,1.9972916,1.666401,2.1251204,60.547596,-0.88885033
614,449760.8,1.9948184,1.6360421,1.6219387,60.67227,-1.5486505
615,432148.06,1.9970385,1.6029586,1.9034624,53.461124,-1.278053
616,377981.16,1.9950957,1.6124899,1.8657889,55.471306,-1.3971366
617,381753.62,1.9968632,2.195438,2.1268919,64.22931,-0.2275854
618,495527.53,1.9953,1.064144,2.1890435,58.59801,-1.3651371
619,446256.94,1.9965676,1.6844612,1.9888532,59.396103,-0.80749226
620,416036.97,1.9980234,2.31762,2.1725583,62.979984,-1.0035347
621,464018.62,1.9958417,1.4194458,2.0680585,59.920616,-0.55225265
622,448250.5,1.999258,1.6251136,2.365213,65.27633,-1.1525939
623,438095.94,1.9978797,1.9942689,2.1639223,61.051353,-0.65244526
624,460582.0,1.9956894,2.1552892,2.185666,62.67446,-1.9083537
625,474373.9,1.9987416,1.6947917,2.2574599,65.469055,-0.8170476
626,435742.7,1.9976737,1.5548048,2.0247183,60.839962,-1.6390265
627,312832.6,1.9829662,1.0173676,1.5721221,50.28823,-1.5983592
628,366654.56,1.9959774,2.021821,1.8666849,59.009056,-0.57539296
629,431856.34,1.9965069,2.2774441,2.0539904,60.26452,-0.7800251
630,450205.4,1.997304,1.1343029,1.8764064,60.27341,-1.2899222
631,435661.9,1.9976696,2.1428702,2.009923,59.42022,-2.2216222
632,467677.34,1.9980041,1.7813795,2.1169806,65.27923,-0.99864393
633,438576.9,1.9974653,1.8015633,2.0810041,62.302254,-0.5527387
634,395781.47,1.9951532,1.6615458,2.0652127,58.32087,-0.92060935
635,445777.6,1.9975575,2.258147,2.239771,64.055954,-1.0349922
636,339282.34,1.9980704,1.9450017,2.1596081,60.908047,-0.5730792
637,445745.97,1.9957937,1.3411851,1.8902872,58.45041,-0.8005608
638,364155.9,1.9969149,1.8285137,1.9898272,61.744884,-1.8335218
639,402171.7,1.9957492,1.886074,2.1082387,62.08648,-0.69569856
640,375628.84,1.9952679,1.476939,1.9346945,58.30457,-0.8872331
641,393269.0,1.9986627,1.5951946,2.263841,58.83916,-0.6218367
642,295567.78,1.9904885,1.5599252,2.0098054,55.67339,-0.8715182
643,417868.47,1.9964273,2.1773412,1.9606086,59.85013,-1.0595396
644,567672.5,1.9985528,2.1257954,2.1785064,64.55287,-0.6028552
645,418420.78,1.9931948,1.5318696,1.9154637,57.057533,0.13295072
646,375090.53,1.9935308,1.1831543,1.8882354,58.23034,-0.9943774
647,465153.62,1.9977295,1.1239281,2.1519446,62.343754,-0.73216903
648,406110.78,1.9943049,1.3164142,2.001271,59.14579,-0.90524447
649,412867.56,1.995541,1.581275,2.0242295,62.072834,-0.9914064
650,425137.47,1.9934034,1.698499,1.8052342,63.544384,-1.1864151
651,493789.16,1.9976656,1.2932444,2.0846412,64.66172,-1.5187336
652,491058.62,1.9968932,0.6949975,1.9413031,62.511288,-1.3725619
653,409326.6,1.9954218,1.9878806,2.1023567,56.38792,-1.3808317
654,464901.38,1.9986343,1.5858625,2.2861419,62.137047,-0.14782545
655,452413.34,1.9938846,0.9274433,1.880317,57.605015,-0.68155825
656,448542.5,1.9963781,1.6387285,2.0373943,61.175304,-0.8312995
657,407758.78,1.9948287,1.5283635,1.8124368,60.627613,-0.79137576
658,420946.72,1.9992613,1.3546861,2.2652874,64.24581,-0.9310087
659,465046.84,1.9958634,1.2642795,2.050352,62.833958,-0.41176763
660,446708.7,1.9948769,1.5009688,2.0419745,59.394146,-0.78565705
661,466794.97,1.997835,2.0556343,1.9479442,63.096073,-1.5523261
662,513518.3,1.9973421,1.5459561,2.226142,63.115067,-0.87369764
663,425654.0,1.9977479,1.4658898,2.1735976,61.812996,-1.5888636
664,450820.28,1.997315,2.1394067,2.0412445,61.96617,-0.2801652
665,390002.56,1.9951465,1.4969765,2.0132408,62.285015,-0.58088195
666,419569.72,1.9951475,2.0002007,1.7694972,55.04086,-1.430841
667,275336.75,1.9897556,1.4932555,1.7920051,55.11679,-0.99362946
668,432052.62,1.9981182,1.6611525,2.2729223,64.54519,-0.9690566
669,354038.44,1.9989281,1.8944273,2.3290865,63.421135,0.13408351
670,364398.12,1.9943008,1.7555027,2.0128343,56.92961,-1.4190831
671,423041.25,1.9929131,1.8311293,1.605576,59.5504,-0.49479243
672,528634.06,1.9988347,2.070684,2.0906622,63.542892,-1.339251
673,298435.94,1.9861264,1.286381,1.7414687,50.58131,-0.4783323
674,526999.6,1.9974995,1.6451261,2.1580648,63.931572,-0.21576566
675,491967.2,1.9976745,1.5930886,2.1015987,59.6331,-0.3359608
676,450632.28,1.9986006,2.343864,2.300483,63.77806,-0.47745493
677,499388.22,1.9976289,1.7783813,2.0738235,59.944042,-0.46544027
678,433817.2,1.9966714,1.5835733,1.8256571,59.0607,-1.4015495
679,487143.7,1.9986286,1.3317164,2.4058802,65.54342,-1.1890212
680,472722.97,1.998503,2.2173066,2.276056,63.73059,-1.2001256
681,428902.3,1.9963906,1.9403732,2.0645103,53.139717,-0.86133593
682,385407.16,1.9977802,2.0328894,2.1022666,63.139305,-1.1907984
683,380160.16,1.9918382,1.551134,1.8641915,55.816063,-1.4695454
684,424867.4,1.9954135,1.2258906,1.9642942,62.611572,-1.3070936
685,484709.97,1.9985076,1.8871204,1.9148469,61.923275,-0.6732602
686,359846.4,1.9964907,0.9915948,1.7967808,62.51104,-0.793505
687,525353.9,1.9978175,1.3530738,2.1896896,57.71196,-0.7202038
688,477729.53,1.9985015,2.2342405,2.0902636,63.22341,0.20828742
689,432728.28,1.994811,1.5767152,1.986486,59.748974,-1.416291
690,479228.1,1.9987202,1.8077986,2.2129695,63.88312,-1.7213964
691,373911.3,1.9959724,1.2893833,1.8064125,56.657753,-1.6833158
692,351709.5,1.9933457,1.2763298,2.186831,60.580307,0.24075288
693,411176.8,1.9989858,2.0924423,2.3471067,62.580963,0.07181215
694,464314.5,1.9988825,2.1789095,2.1720638,64.36772,-0.08379963
695,275928.8,1.9876398,1.1242568,1.6030895,53.202057,-1.3591282
696,464785.6,1.9940677,1.1817367,1.8509314,62.644836,-1.7224863
697,414011.62,1.9980977,1.9125037,2.0748072,60.32847,-1.0047655
698,497462.38,1.9939166,1.4651232,2.0495265,57.22854,-0.45756322
699,455170.88,1.9974617,1.9145277,2.1185958,59.99072,-0.31602797
700,512166.38,1.9990392,1.7874665,2.1264286,63.184235,-0.7731351
701,436899.5,1.9959124,2.160402,2.007293,64.59094,-0.5295087
702,406806.62,1.9983122,1.2261393,1.9833515,60.671623,-1.5540612
703,476634.84,1.9913453,1.7353767,1.8631735,58.982437,-1.3388398
704,412146.12,1.997272,1.978849,2.1248827,60.850155,-0.73970556
705,474187.75,1.9970421,1.8649659,2.1542332,59.541687,-1.0999987
706,401762.7,1.9976823,1.0976824,2.0653515,55.386604,-1.2218146
707,319654.88,1.9921507,1.6456602,1.7336733,55.565304,-1.3840823
708,465369.9,1.9991617,1.41417,2.365819,59.9265,-0.49478796
709,575136.44,1.9992636,2.1123753,2.2617092,70.13338,-0.13325882
710,340362.53,1.9909015,1.4627179,1.5799003,57.236897,-0.7135844
711,406583.7,1.9904153,1.4285808,1.8788538,54.478184,-1.2960258
712,412998.06,1.9935467,1.5754874,1.8305254,58.312443,-0.3710891
713,312363.28,1.9933114,1.6669697,1.5502305,57.944035,-1.7044394
714,463750.25,1.9936543,1.27403,1.7765398,58.788746,-1.2542713
715,334694.1,1.993747,2.0241992,1.7341493,57.84036,-0.35875228
716,404013.66,1.9949739,1.5993176,1.7539612,60.618797,-0.7054305
717,412244.53,1.9965165,1.4718966,2.1280115,64.12088,-2.5505793
718,437308.06,1.99366,1.4091873,2.05887,60.4622,-0.5285814
719,442132.06,1.9963415,1.6889248,1.9087982,60.59541,-1.4185172
720,400707.3,1.9958608,2.203394,2.153069,62.328236,-0.7787343
721,386243.1,1.9943798,1.6893182,1.8859527,53.99435,-1.7163372
722,356004.2,1.9893752,1.6315451,1.8676096,60.069187,-1.434465
723,476954.22,1.997582,1.051649,2.1177442,63.15689,-1.3861543
724,437653.1,1.9941283,1.4633602,1.9127767,61.42814,-0.38994622
725,552858.5,1.9988488,1.7411796,2.3492072,65.791626,0.23058477
726,323118.97,1.985878,0.95545024,1.581588,53.64907,-1.4867364
727,478145.06,1.9956161,1.1642787,2.166306,59.25784,-1.1434791
728,423655.38,1.9962952,1.8468461,1.9779463,61.573574,-0.22410867
729,422912.0,1.9914787,1.8725784,1.5705776,59.52015,-1.0027567
730,368081.7,1.9932275,1.3306371,1.8353357,57.587353,-0.69992185
731,528826.5,1.9988136,1.9483241,2.1387134,67.30017,-0.913727
732,416934.56,1.9947665,1.1199645,1.8917863,55.51359,-0.3674644
733,563212.5,1.9992193,2.1154222,2.436275,65.04964,-0.20868805
734,336166.34,1.9950736,1.429423,1.9097732,54.137093,-0.92872983
735,391086.25,1.9909229,0.87099934,1.9008375,55.504467,-0.46185222
736,377111.06,1.9951485,1.201274,2.2369802,57.97697,-0.63904315
737,443429.66,1.9982187,1.8787808,2.227044,67.1179,-2.0566244
738,478994.78,1.9987786,1.5825071,2.0829902,64.35241,-0.6650728
739,396973.1,1.9932017,1.157979,1.8994206,56.92122,-1.1351388
740,390375.53,1.9994724,1.560977,2.3315327,64.80614,-0.6417723
741,477811.8,1.9972839,2.155958,1.7879903,62.88579,-0.64404
742,496625.1,1.9981737,1.3651968,2.1864126,63.524128,-0.64759386
743,481045.28,1.9978533,2.1440842,2.3214567,61.474983,-1.2835561
744,366900.8,1.9956799,1.4302672,1.8565714,59.761772,-1.7380393
745,345365.22,1.991046,1.6257036,1.8495755,57.62516,-0.7899246
746,508188.78,1.99804,1.1285845,2.181192,62.43293,-1.5771831
747,425836.5,1.999463,1.5265381,2.342441,65.97658,-1.1780108
748,382253.5,1.9972001,1.4565734,2.049188,62.489273,-0.80808944
749,433117.06,1.9979385,1.550847,1.8954237,60.024273,-1.8238938
750,478390.78,1.9973629,1.4780269,2.0160205,58.11185,-0.7785148
751,391272.84,1.9881458,1.0994375,1.8198845,55.023933,-1.0630938
752,482799.53,1.9980764,1.498286,1.8356698,61.408607,-1.3791865
753,324536.7,1.9921179,1.9615917,1.8809499,56.751106,-1.3353461
754,512376.44,1.9983741,1.920236,2.3359692,62.986095,-1.613319
755,388645.7,1.9874394,1.3648628,1.8364904,56.014286,-1.478781
756,483065.6,1.9981252,1.9187604,2.3187258,63.313316,-0.15363944
757,482952.22,1.9984435,1.2963301,2.008492,56.750595,-0.6579555
758,413984.8,1.9980209,2.483191,2.033476,64.40591,-1.3296407
759,449424.72,1.9971216,1.4067836,2.0406032,59.39268,-1.0320147
760,412030.03,1.9978268,1.9815307,2.060152,62.33791,-0.56749654
761,435230.97,1.9964137,2.05398,2.1149004,63.816956,-0.98202735
762,378124.47,1.9878259,1.702854,1.840833,54.402298,-0.84100294
763,443173.66,1.9929531,1.7666976,1.719274,56.89053,-0.66388994
764,368574.53,1.9925513,1.4290173,1.8052552,57.156563,-0.8755225
765,502760.0,1.9992728,2.110611,2.196519,68.236206,-0.43359157
766,351823.62,1.9969134,1.9505167,2.075162,60.54979,-1.7278535
767,338192.72,1.9938562,1.5148948,1.8921912,58.600056,-0.8896849
768,405935.94,1.9981542,1.6803746,2.1609018,60.39144,-0.6236165
769,421197.9,1.9979348,2.0470417,2.2063568,62.8504,0.4156341
770,427136.47,1.9959719,1.3169491,2.0318491,60.076633,-0.16151723
771,571325.4,1.9991465,0.9411359,2.2563806,65.37992,-0.645611
772,376108.25,1.9918988,1.7878757,1.7949271,57.84742,-0.7055226
773,451950.34,1.9943879,1.8069923,1.901747,64.122444,-1.3492253
774,489457.44,1.9975556,1.8674507,2.1882477,61.45254,-0.069037646
775,418844.66,1.9978235,2.6009865,1.9339104,61.102505,-0.69036126
776,413278.97,1.9969206,1.1626132,1.9707023,61.505882,-0.15503716
777,366367.1,1.9974273,2.0858765,1.9482176,63.73794,-0.13164383
778,349787.94,1.9968672,1.9721494,2.075979,61.24956,-1.5972577
779,436194.72,1.9955552,1.4548118,1.8846653,61.31421,-0.049089015
780,490044.6,1.9983962,1.3130618,2.2193289,61.365623,-0.1642355
781,422396.16,1.9974676,1.0058975,1.9998806,55.371696,-1.6023433
782,363435.03,1.9958282,1.9383996,2.0907805,60.11269,-0.4337695
783,510112.03,1.9977655,1.2725881,1.9435111,63.595703,-0.91575277
784,327400.28,1.9939017,1.9781144,1.8375332,57.08575,-0.23125944
785,418680.6,1.9994061,1.9621167,2.364659,66.75415,-0.049795628
786,500069.97,1.9941717,1.1004251,1.9095387,59.500805,-0.41124564
787,401708.22,1.996911,1.9861733,1.9613003,63.31799,-0.23052928
788,370979.84,1.9969921,0.91026974,1.9686995,58.328285,-0.1250073
789,409642.47,1.9943004,1.6688848,1.8117623,59.50028,-1.2825001
790,377294.22,1.9957945,2.1424775,1.812541,59.55385,-1.1092021
791,403795.78,1.9953554,1.6006125,1.8951263,59.427147,-1.4046067
792,477885.88,1.9944177,1.9563739,1.9416461,56.249027,-0.29029322
793,337093.12,1.9938905,1.4427717,1.7291703,58.196964,-1.0034051
794,336117.12,1.9922972,1.7764006,1.6707504,53.972908,-0.86995274
795,336073.0,1.9944389,1.086606,2.056415,65.55835,-0.39139998
796,457092.88,1.9956331,1.5936265,1.7912531,60.20364,-1.0330591
797,484643.78,1.9969251,1.9222438,1.9663231,59.32701,-1.4116298
798,425300.94,1.9983089,2.1113272,1.8571534,61.640503,-0.7109566
799,437207.97,1.9983623,2.179443,2.1413364,63.26681,-0.6521112
800,449640.06,1.9967456,1.7553654,1.8308067,61.129498,-0.8149922
801,506263.97,1.9979736,1.5042347,2.1964424,61.9402,0.21086189
802,371339.38,1.9942594,1.7127092,1.8356016,55.83145,-0.16439673
803,318962.0,1.9915247,1.454383,1.9352535,57.159206,-1.7666571
804,420610.0,1.9977112,1.6695986,2.0018816,59.54235,-1.2416862
805,524614.25,1.9988763,1.7029955,2.3500438,61.983147,-1.1481907
806,461842.72,1.9973066,1.992474,2.065653,58.749893,-1.0674443
807,346985.56,1.9983666,1.4583216,2.201077,59.246128,-0.7541764
808,368483.53,1.9952435,1.4565065,2.202146,60.157883,-0.4287779
809,444014.0,1.9984224,2.0318365,2.3238475,68.16215,-0.42980206
810,475086.25,1.9958911,1.8560498,2.0546374,60.65704,-0.7816844
811,425409.94,1.997494,1.5860541,2.0513258,63.540127,-1.0610464
812,362913.2,1.9938269,1.8880787,1.7700931,56.742584,-0.6962648
813,500405.47,1.9978037,2.3820677,2.3152895,66.53186,-1.3188709
814,427426.28,1.9932153,1.4845314,2.066877,60.167595,-0.853346
815,456467.6,1.9932568,1.6773179,2.003086,62.40541,-0.24848503
816,416530.2,1.9946175,1.675522,2.0180914,58.192966,-0.54093504
817,458014.2,1.9985553,2.3541117,2.243737,64.18054,-0.9884721
818,373522.3,1.9920826,1.2543987,2.0586283,54.785023,-1.1451684
819,478581.47,1.9990456,2.106037,2.1013684,63.277985,-0.8869922
820,416171.94,1.9971491,2.541164,2.0701532,60.181057,0.02238679
821,396987.44,1.9959123,1.9518843,2.0091057,61.283974,-0.997664
822,441121.5,1.9966693,1.8322024,2.2522182,61.779648,-0.7519436
823,421738.2,1.9963505,1.9752299,1.9667194,59.836514,-0.9984588
824,453426.2,1.9959873,1.6105654,1.9413146,55.33347,-1.261437
825,381458.5,1.9904854,1.6363633,2.1295104,58.18763,-0.9703584
826,348247.06,1.9929315,2.0864968,1.8381376,58.86372,-0.8642396
827,330223.84,1.9786708,1.2122544,1.6566136,51.559505,-1.1825975
828,348536.97,1.9930364,1.4830627,1.9844105,58.4552,-0.6460619
829,469617.84,1.9949319,1.7802911,1.9872619,59.631344,-0.22652668
830,355827.72,1.9983613,0.966156,2.149583,62.111996,-1.0524417
831,417205.78,1.9989742,2.0146146,1.9788047,65.746475,-0.5283671
832,408847.25,1.9936068,1.6156368,1.6668239,59.585026,-1.7626668
833,431007.53,1.9971528,1.3417771,1.9029891,65.4195,-1.0850377
834,435169.5,1.9966555,1.5500002,2.1567426,56.67502,-1.0697589
835,376820.88,1.983918,1.1556234,1.8668966,49.784077,-1.1782501
836,424232.44,1.9944019,1.1130968,1.8062031,57.973034,-0.90633
837,490802.9,1.9948788,1.4063821,1.7787559,61.324215,-0.8313526
838,360242.6,1.9926432,1.7312458,1.7458295,60.11261,-0.93786746
839,499346.8,1.9980435,1.4494493,1.984062,63.0596,-0.2165201
840,547978.0,1.99891,1.6413367,2.367509,66.45468,-0.48293498
841,401009.28,1.99533,1.6393808,2.0571823,56.6027,-1.1491592
842,507072.88,1.9989984,0.7271763,2.201923,60.243553,-0.5512988
843,404656.34,1.995401,1.4179959,1.7662311,55.217968,-0.6419544
844,388711.72,1.9974797,1.3385046,2.1017616,63.82454,-1.905933
845,484541.97,1.9984385,1.9708269,2.1565285,59.279556,-1.7331384
846,473151.56,1.9981127,2.3403444,2.1365085,65.994,-1.0807538
847,396857.84,1.98982,1.3477907,1.6868722,55.401936,-1.3481988
848,488312.78,1.9987555,1.7384002,2.0241127,67.08839,-1.0392581
849,497489.16,1.9960867,1.558656,2.1623573,62.89772,-0.7274753
850,480750.7,1.9961587,1.5158992,2.092324,59.813217,-0.4703076
851,428794.88,1.9954647,1.4537905,2.1902077,61.428223,0.13270828
852,371362.62,1.995858,1.4719013,2.0887773,59.47486,-0.6035202
853,464108.1,1.9975903,2.0403602,2.0887132,64.84528,-1.5380405
854,365643.88,1.9854339,1.5722103,1.7851979,54.823315,-0.9995593
855,408890.2,1.9975886,1.4036529,2.0040627,63.60532,-0.06972727
856,393189.47,1.9944098,1.6731967,1.8653419,52.001457,-0.6894803
857,429317.12,1.9973541,1.8211339,2.1653147,63.918343,-1.0773124
858,393004.16,1.9981515,2.0360534,2.1181543,67.853226,-0.84216917
859,389338.7,1.9862119,1.0824736,1.7449348,54.020508,-0.6631719
860,469560.9,1.99838,2.4083567,2.1965513,64.58185,-0.060899824
861,459663.5,1.9983445,1.8469522,2.2035944,65.52418,0.105903774
862,460030.03,1.9965179,1.8181496,1.9924784,61.074924,-0.75584733
863,272621.25,1.9935286,1.6831787,1.8449919,53.54427,-0.5462743
864,387902.1,1.9980209,1.8163195,2.2051516,65.82087,-1.2888539
865,431067.22,1.9909854,1.0105296,1.7954626,57.63222,-0.33220854
866,510429.62,1.9987124,1.3935108,1.9219778,60.318596,-1.0814435
867,381509.62,1.9968251,1.4977928,1.9742893,62.138355,-1.8515371
868,480371.84,1.9992132,1.8000414,2.419804,60.165714,-1.3368182
869,430943.6,1.99402,1.3100674,2.147872,55.34687,-0.9277743
870,455403.5,1.9977435,1.9328845,1.9078113,57.541508,-0.50740623
871,436421.25,1.9949518,0.9703126,1.790666,58.405148,-1.0657091
872,392929.53,1.9954879,1.6031924,1.8676682,61.30271,-1.044893
873,457788.72,1.9984035,1.4729222,2.2975852,65.71165,-0.6592235
874,362415.97,1.998006,1.8524141,2.026825,62.23345,-0.60674065
875,436445.12,1.9956856,1.2473729,2.0232441,59.021763,-1.7924094
876,522879.56,1.999618,2.0117135,2.3698492,68.51619,-0.53009176
877,368536.16,1.9959099,1.4592892,1.9358511,56.457466,-1.4202368
878,473299.03,1.9977489,1.9786702,1.9905148,62.492054,-0.45690042
879,489321.7,1.9965261,1.293905,2.0745478,60.68409,-1.4942794
880,436722.66,1.997503,1.2729237,1.9750317,58.16119,-1.8910385
881,345970.1,1.9903429,1.4447163,1.5976417,52.963566,-1.6369988
882,396010.78,1.997133,1.9455066,1.9633137,59.95914,-1.053174
883,357704.47,1.9950607,1.2235653,1.6259956,52.232063,-1.8681337
884,438164.22,1.997101,1.176342,1.9504584,60.955788,-0.90157926
885,369464.56,1.9947374,1.8907502,1.9475173,61.8968,-1.2912765
886,520207.66,1.9983218,2.1423507,2.4615064,62.896156,-0.86817384
887,446766.6,1.9912802,1.6849031,1.7848151,58.83469,-0.79132503
888,437844.44,1.9978915,1.7988034,2.0874107,62.181858,-1.4240397
889,356547.34,1.9977744,1.8728302,1.6485071,61.849613,-0.8426162
890,439444.75,1.9953465,0.6647709,1.8464282,61.924404,-1.7137944
891,312236.12,1.9931277,1.90009,2.1088305,57.005302,-1.1266035
892,470186.38,1.9975482,0.8438257,2.0251164,62.827744,-0.6709187
893,335717.78,1.9890962,1.4547133,1.9346654,55.132668,-1.3584632
894,420352.7,1.9986801,1.7789302,2.1882172,63.579052,-1.1886753
895,366645.16,1.9939938,1.8425406,1.7577678,58.37886,-0.77396214
896,447770.8,1.9974811,1.0569847,2.053815,62.75342,-0.39646026
897,442144.9,1.9988444,2.2981904,2.155355,61.450226,-0.35594013
898,397460.25,1.9952842,1.50239,1.8814275,56.219444,-0.7949815
899,386967.94,1.9947466,1.2856907,1.8183879,57.436802,-1.0490559
900,387199.12,1.9967725,1.3971524,2.0497532,58.637844,-0.5830627
901,435494.94,1.9992186,2.0712442,2.1440756,66.155624,-0.44032317
902,397452.8,1.9928205,1.1210122,1.7206647,57.302223,-1.4861106
903,412862.94,1.9982451,1.716963,2.358091,61.011475,-1.2791505
904,541441.3,1.9982498,1.025928,2.1854997,64.11772,0.41346166
905,341591.16,1.9934168,1.7646706,1.9734826,56.297268,-1.1604702
906,449043.9,1.9967878,2.217038,1.9483008,61.98101,-0.6451562
907,257071.11,1.9973284,1.1504688,2.1725442,59.0015,-1.0429137
908,355944.22,1.9932243,0.9595252,1.9124134,53.933754,-0.47336635
909,413087.66,1.997654,2.0769787,1.852748,61.28086,-1.2461469
910,383846.56,1.997483,0.72603744,2.0401044,62.191185,-0.46605152
911,462718.78,1.9972312,1.7929783,1.9936142,67.19407,-2.0066075
912,394244.12,1.9924352,1.7650877,1.8481312,53.96681,-0.7580701
913,466865.34,1.9956372,1.8694432,1.6441846,61.410435,-1.0592176
914,389101.12,1.9962099,1.4839137,1.9317634,59.320972,-1.1838288
915,386063.12,1.9964447,1.5426958,1.9007525,61.075657,-1.1090388
916,531207.0,1.9991546,2.0558622,2.3193579,66.026695,-0.1021823
917,463210.7,1.9974828,0.936049,2.0617414,57.587612,-0.8263832
918,392678.38,1.9948797,1.8237269,1.8149092,62.514214,-1.4459378
919,342482.84,1.9913492,0.9826847,1.9126222,52.467148,-1.3100921
920,314051.44,1.9942987,1.8302035,1.8708304,56.68803,-1.6015495
921,515323.16,1.9973716,1.6036525,2.234614,63.471123,-0.57582164
922,418111.7,1.9959915,1.2690432,1.9692755,61.643993,-0.71270674
923,470171.0,1.9962257,1.5001026,1.9564567,58.856697,-0.33558768
924,420397.1,1.9946086,1.8320585,1.7797033,59.079697,-0.97592026
925,334264.88,1.9948666,1.8602214,2.073566,59.053963,-1.131081
926,372965.8,1.9960892,1.3695366,2.2061582,61.212677,-1.3177468
927,485952.97,1.9967885,1.5900668,2.038807,60.833767,-1.2546743
928,616365.25,1.9989189,1.7263252,2.1831427,67.76723,-0.90119934
929,418237.47,1.9938111,0.9983288,1.8147043,58.181225,-1.1225353
930,473707.1,1.9971423,1.6329371,2.0933259,61.136566,-0.9102141
931,410112.06,1.9987438,2.0460246,2.2749104,66.550766,-1.5448022
932,373330.6,1.9983674,1.8778807,1.8103628,61.90206,-0.25426593
933,358482.03,1.9945347,1.7565968,1.7722259,59.735504,-1.1529771
934,430592.25,1.9935141,1.5062217,1.9857699,55.36998,-1.1739202
935,478953.1,1.9984034,2.3479626,2.0851376,62.056137,0.44956806
936,456521.7,1.9950001,1.3874394,2.1215377,59.745502,-0.38159576
937,334606.88,1.988679,1.7142552,1.6972826,54.037746,-1.1931856
938,391268.6,1.9924688,1.046712,2.1322207,57.25588,-1.263022
939,397675.16,1.9955463,1.4455686,2.2382889,61.99725,0.0472762
940,424453.4,1.9973645,1.7230437,2.1066809,61.170464,-0.51916075
941,384021.12,1.997862,2.1910107,2.1356933,58.930622,-1.293615
942,535528.6,1.9983702,2.0949812,2.2990565,63.852882,-0.55718166
943,423238.94,1.9948745,1.3743504,2.0445695,62.68995,-0.94467705
944,381679.94,1.9944874,1.783806,1.5557065,55.53713,-1.1243323
945,446218.2,1.9969294,1.3190634,2.1922607,61.965874,-1.1269878
946,437317.7,1.996897,1.8079913,1.8467121,64.63621,0.042215914
947,522632.84,1.9995952,2.1935117,2.4775176,66.17895,0.20778883
948,600236.6,1.9991307,1.7817051,2.0212321,68.55526,-1.1243446
949,520000.47,1.9975277,1.8557763,2.1234322,60.138943,-0.69963706
950,409941.1,1.997496,1.553107,2.2350194,60.589462,-2.0285516
951,380934.25,1.9920125,1.6460004,1.9154727,57.535835,-0.54773104
952,443616.25,1.9949708,1.7183622,2.0117893,60.116585,-0.17197278
953,439002.75,1.997644,0.99116045,2.1238222,56.87115,-0.65567434
954,431915.06,1.9957249,1.5957973,2.364069,59.787838,-1.1313454
955,478813.2,1.9951612,1.319085,1.7763879,61.201206,-0.8986057
956,433906.75,1.9974127,1.7035607,1.9350924,58.375072,-0.33832085
957,443750.88,1.9958766,1.4006433,1.9951351,63.256958,-1.114445
958,335973.94,1.9967785,1.5539968,2.0990558,62.58928,-0.96490175
959,376223.66,1.9915209,1.7704434,1.8076701,54.519695,-1.1965543
960,429809.56,1.9977846,1.9102718,2.198701,60.51393,-1.438247
961,511584.97,1.9987113,2.0821488,2.308527,66.45432,0.14405835
962,492175.66,1.9992173,1.6087997,2.269245,64.51108,-1.0276642
963,364370.9,1.9927747,1.7279618,1.9218053,58.18478,-0.78249544
964,457512.25,1.9956281,1.8115993,2.043046,60.54837,-0.75948405
965,335409.47,1.9978046,2.0695143,2.161883,60.056114,-0.65730095
966,501874.75,1.9996347,2.6516435,2.360209,65.71913,-0.6276363
967,398494.88,1.993067,1.2568003,1.8240545,58.207714,-1.1463033
968,416454.2,1.9990468,1.1313484,2.3830113,63.99434,-0.66118646
969,520365.97,1.9987346,1.632237,2.3814762,64.51295,-0.48240063
970,458388.78,1.9973867,1.8654499,2.0750837,62.263943,-0.37625787
971,419542.5,1.9976604,2.2739816,2.113011,61.10554,-1.2438054
972,422314.03,1.9923365,0.7401533,1.9982047,54.76222,-0.71919173
973,489103.5,1.9978716,1.3797351,2.0483441,56.589764,-0.80841655
974,358539.47,1.9919213,1.160572,1.7391462,54.729828,-1.3424951
975,537104.9,1.9992284,1.9530308,2.0490453,64.721,-0.4343858
976,501145.5,1.9975603,1.9014509,1.9968953,60.225517,-1.8131254
977,339692.72,1.9979813,1.505357,2.2561173,64.2844,-1.0804969
978,476590.94,1.997958,1.8841585,2.1824617,62.725418,-1.4225663
979,452404.75,1.9954882,2.179514,1.9777794,57.89345,-1.0704764
980,455346.7,1.9978108,2.1930256,2.2176414,61.622738,-1.1143701
981,399952.94,1.9969498,1.609788,1.8873904,58.226307,-1.5311803
982,429690.75,1.9957688,1.9548829,1.959981,59.194363,-0.8665204
983,401608.53,1.9968145,1.8812724,2.2317114,57.093353,-2.035413
984,504260.4,1.9977398,1.782761,1.9223596,63.696392,-1.0553099
985,352623.44,1.9953693,1.7658408,1.8787769,58.96513,-0.46682563
986,497075.1,1.9974637,1.97489,1.9142758,61.373257,-0.3011739
987,418989.8,1.9965005,1.7093837,2.039691,60.221615,-2.2053056
988,497410.56,1.9988725,2.191269,2.2492523,59.85435,-1.2086456
989,357402.7,1.9961207,1.5515202,1.8906317,59.27012,-2.1554468
990,464947.16,1.9982586,1.732304,2.0094244,61.07991,-1.2308899
991,475356.97,1.9957776,1.3158296,1.9217458,59.136734,-0.75609356
992,452635.72,1.987674,1.110915,1.8977983,58.588856,-0.85855377
993,397757.53,1.9988549,1.5226371,2.3090022,60.31845,-0.7065746
994,478087.25,1.9942837,0.98107994,1.8789136,61.673027,-0.5166944
995,424966.16,1.9978302,1.8510711,2.206039,63.072792,-0.7833057
996,461032.97,1.9959574,1.8199557,1.8768747,62.771107,-2.047648
997,359551.56,1.9838338,1.2850109,1.6075077,56.34672,-1.2982705
998,281909.53,1.99176,1.295111,1.7920527,55.61171,-0.6119592
999,403295.75,1.9977608,1.7789578,2.2655485,63.745075,-0.5848507
